{"metaVersion":2,"name":"BPM Interface WEB","icon":"fad fa-project-diagram","executionType":"InterfaceWeb","author":"gabriel.lima","created":"2020-10-22T23:39:15.000","simple":false,"embedded":false,"tag":"web","viewName":"BPM_workflow_interface_web","contextVariable":[{"id":"e4e1129a7533c0320175531640e00bb6","processId":6,"processVersion":3,"name":"numcad","label":"Matricula do colaborador selecionado","variableType":"Integer","visible":false,"orderField":1,"visibleForRequester":false,"deprecated":false,"visibleForDecisionCenter":false},{"id":"e4e1129a7533c0320175531640e20bb7","processId":6,"processVersion":3,"name":"tipcol","label":"Tipo do colaborador selecionado","variableType":"Integer","visible":false,"orderField":2,"visibleForRequester":false,"deprecated":false,"visibleForDecisionCenter":false},{"id":"e4e1129a7533c0320175531640e40bb8","processId":6,"processVersion":3,"name":"numemp","label":"Número da empresa do colaborador selecionado","variableType":"Integer","visible":false,"orderField":3,"visibleForRequester":false,"deprecated":false,"visibleForDecisionCenter":false},{"id":"e4e1129a7533c03201754dd9197906df","processId":6,"processVersion":3,"name":"nomeSolicitante","label":"nomeSolicitante","variableType":"String","visible":false,"orderField":4,"visibleForRequester":false,"deprecated":false,"visibleForDecisionCenter":false},{"id":"e4e1129a7533c032017553168ed60bb9","processId":6,"processVersion":3,"name":"nomfun","label":"Nome do colaborador selecionado","variableType":"String","visible":false,"orderField":0,"visibleForRequester":false,"deprecated":false,"visibleForDecisionCenter":false}],"services":[],"customAssignments":[],"formUrl":"http://localhost:4200/solicitation","variableVisibility":"RESTRICT","taskVisibleAfterTreated":false}